# Well(3,2), Well(4,4), Well(9,3)
5300.000000,7052.580372,5300.000000
5300.000000,7028.791908,5300.000000
5300.000000,6980.303200,5300.000000
5300.000000,6925.852665,5300.000000
5300.000000,6871.233093,5300.000000
5300.000000,6818.281405,5300.000000
5300.000000,6767.589358,5300.000000
5300.000000,6719.299132,5300.000000
5300.000000,6673.369039,5300.000000
5300.000000,6629.680122,5300.000000
5300.000000,6588.085057,5300.000000
5300.000000,6548.431845,5300.000000
5300.000000,6510.575078,5300.000000
5300.000000,6474.380808,5300.000000
5300.000000,6439.728085,5300.000000
5300.000000,6406.508819,5300.000000
5300.000000,6374.626853,5300.000000
5300.000000,6343.996728,5300.000000
5300.000000,6314.542378,5300.000000
5300.000000,6286.195895,5300.000000
5300.000000,6258.896410,5300.000000
5300.000000,6232.589103,5300.000000
5300.000000,6207.224359,5300.000000
5300.000000,6182.757035,5300.000000
5300.000000,6159.145851,5300.000000
5300.000000,6136.352865,5300.000000
5300.000000,6114.343037,5300.000000
5300.000000,6093.083858,5300.000000
5300.000000,6072.545035,5300.000000
5300.000000,6052.698234,5300.000000
5300.000000,6033.516853,5300.000000
5300.000000,6014.975835,5300.000000
5300.000000,5997.051503,5300.000000
5300.000000,5979.721429,5300.000000
5300.000000,5962.964311,5300.000000
5300.000000,5946.759875,5300.000000
5300.000000,5931.088787,5300.000000
5300.000000,5915.932574,5300.000000
5300.000000,5901.273563,5300.000000
5300.000000,5887.094822,5300.000000
5300.000000,5873.380105,5300.000000
5300.000000,5860.113813,5300.000000
5300.000000,5847.280953,5300.000000
5300.000000,5834.867093,5300.000000
5300.000000,5822.858343,5300.000000
5300.000000,5811.241323,5300.000000
5300.000000,5800.003132,5300.000000
5300.000000,5789.131330,5300.000000
5300.000000,5778.613912,5300.000000
5300.000000,5768.439289,5300.000000
5300.000000,5758.596273,5300.000000
5300.000000,5749.074056,5300.000000
5300.000000,5739.862197,5300.000000
5300.000000,5730.950603,5300.000000
5300.000000,5722.329523,5300.000000
5300.000000,5713.989526,5300.000000
5300.000000,5705.921495,5300.000000
5300.000000,5698.116616,5300.000000
5300.000000,5690.566359,5300.000000
5300.000000,5683.262479,5300.000000
5300.000000,5676.196998,5300.000000
5300.000000,5669.362197,5300.000000
5300.000000,5662.750629,5300.000000
5300.000000,5656.355057,5300.000000
5300.000000,5650.168487,5300.000000
5300.000000,5644.184150,5300.000000
5300.000000,5638.395504,5300.000000
5300.000000,5632.796214,5300.000000
5300.000000,5627.380154,5300.000000
5300.000000,5622.141393,5300.000000
5300.000000,5617.074193,5300.000000
5300.000000,5612.172998,5300.000000
5300.000000,5607.432435,5300.000000
5300.000000,5602.847312,5300.000000
5300.000000,5598.424376,5300.000000
5300.000000,5594.141382,5300.000000
5300.000000,5590.008538,5300.000000
5300.000000,5586.010136,5300.000000
5300.000000,5582.143203,5300.000000
5300.000000,5578.403669,5300.000000
5300.000000,5574.787392,5300.000000
5300.000000,5571.290352,5300.000000
5300.000000,5567.908655,5300.000000
5300.000000,5564.638536,5300.000000
5300.000000,5561.476344,5300.000000
5300.000000,5558.418549,5300.000000
5300.000000,5555.461752,5300.000000
5300.000000,5552.602646,5300.000000
5300.000000,5549.838057,5300.000000
5300.000000,5547.164900,5300.000000
5300.000000,5544.580193,5300.000000
5300.000000,5542.081056,5300.000000
5300.000000,5539.664688,5300.000000
5300.000000,5537.328412,5300.000000
5300.000000,5535.069597,5300.000000
5300.000000,5532.885714,5300.000000
5300.000000,5530.774319,5300.000000
5300.000000,5528.733047,5300.000000
5300.000000,5526.759610,5300.000000
5300.000000,5524.851795,5300.000000
5300.000000,5523.007456,5300.000000
5300.000000,5521.224525,5300.000000
5300.000000,5519.500993,5300.000000
5300.000000,5517.834918,5300.000000
5300.000000,5516.224422,5300.000000
5300.000000,5514.667696,5300.000000
5300.000000,5513.162971,5300.000000
5300.000000,5511.708548,5300.000000
5300.000000,5510.302782,5300.000000
5300.000000,5508.944081,5300.000000
5300.000000,5507.630903,5300.000000
5300.000000,5506.361759,5300.000000
5300.000000,5505.135203,5300.000000
5300.000000,5503.949842,5300.000000
5300.000000,5502.804324,5300.000000
5300.000000,5501.697342,5300.000000
5300.000000,5500.627660,5300.000000
5300.000000,5499.594018,5300.000000
5300.000000,5498.595231,5300.000000
5300.000000,5497.630156,5300.000000
5300.000000,5496.697708,5300.000000
5300.000000,5495.796786,5300.000000
5300.000000,5494.926359,5300.000000
5300.000000,5494.085426,5300.000000
5300.000000,5493.273017,5300.000000
5300.000000,5492.488191,5300.000000
5300.000000,5491.730068,5300.000000
5300.000000,5490.997734,5300.000000
5300.000000,5490.290342,5300.000000
5300.000000,5489.607064,5300.000000
5300.000000,5488.947104,5300.000000
5300.000000,5488.309692,5300.000000
5300.000000,5487.694083,5300.000000
5300.000000,5487.099554,5300.000000
5300.000000,5486.525409,5300.000000
5300.000000,5485.970970,5300.000000
5300.000000,5485.435585,5300.000000
5300.000000,5484.918620,5300.000000
5300.000000,5484.419463,5300.000000
5300.000000,5483.937522,5300.000000
5300.000000,5483.472224,5300.000000
5300.000000,5483.023015,5300.000000
5300.000000,5482.589357,5300.000000
5300.000000,5482.170732,5300.000000
5300.000000,5481.766638,5300.000000
5300.000000,5481.376589,5300.000000
5300.000000,5481.000114,5300.000000
5300.000000,5480.636759,5300.000000
5300.000000,5480.286083,5300.000000
5300.000000,5479.947660,5300.000000
5300.000000,5479.621082,5300.000000
5300.000000,5479.305949,5300.000000
5300.000000,5479.001874,5300.000000
5300.000000,5478.708485,5300.000000
5300.000000,5478.425419,5300.000000
5300.000000,5478.152329,5300.000000
5300.000000,5477.888876,5300.000000
5300.000000,5477.634732,5300.000000
5300.000000,5477.389582,5300.000000
5300.000000,5477.153120,5300.000000
5300.000000,5476.925049,5300.000000
5300.000000,5476.705084,5300.000000
5300.000000,5476.492947,5300.000000
5300.000000,5476.288370,5300.000000
5300.000000,5476.091093,5300.000000
5300.000000,5475.900867,5300.000000
5300.000000,5475.717448,5300.000000
5300.000000,5475.540602,5300.000000
5300.000000,5475.370101,5300.000000
5300.000000,5475.205726,5300.000000
5300.000000,5475.047264,5300.000000
5300.000000,5474.894511,5300.000000
5300.000000,5474.747266,5300.000000
5300.000000,5474.605337,5300.000000
5300.000000,5474.468540,5300.000000
5300.000000,5474.336693,5300.000000
5300.000000,5474.209622,5300.000000
5300.000000,5474.087160,5300.000000
5300.000000,5473.969142,5300.000000
5300.000000,5473.855413,5300.000000
5300.000000,5473.745819,5300.000000
5300.000000,5473.640212,5300.000000
5300.000000,5473.538451,5300.000000
5300.000000,5473.440398,5300.000000
5300.000000,5473.345919,5300.000000
5300.000000,5473.254885,5300.000000
5300.000000,5473.167172,5300.000000
5300.000000,5473.082658,5300.000000
5300.000000,5473.001228,5300.000000
5300.000000,5472.922768,5300.000000
5300.000000,5472.847169,5300.000000
5300.000000,5472.774327,5300.000000
5300.000000,5472.704138,5300.000000
5300.000000,5472.636504,5300.000000
5300.000000,5472.571330,5300.000000
5300.000000,5472.508524,5300.000000
5300.000000,5472.447996,5300.000000
5300.000000,5472.389660,5300.000000
5300.000000,5472.333433,5300.000000
5300.000000,5472.279234,5300.000000
5300.000000,5472.226986,5300.000000
5300.000000,5472.176612,5300.000000
5300.000000,5472.128040,5300.000000
5300.000000,5472.081200,5300.000000
5300.000000,5472.036024,5300.000000
5300.000000,5471.992445,5300.000000
5300.000000,5471.950401,5300.000000
5300.000000,5471.909829,5300.000000
5300.000000,5471.870671,5300.000000
5300.000000,5471.832869,5300.000000
5300.000000,5471.796367,5300.000000
5300.000000,5471.761112,5300.000000
5300.000000,5471.727052,5300.000000
5300.000000,5471.694136,5300.000000
5300.000000,5471.662318,5300.000000
5300.000000,5471.631549,5300.000000
5300.000000,5471.601785,5300.000000
5300.000000,5471.572982,5300.000000
5300.000000,5471.545098,5300.000000
5300.000000,5471.518091,5300.000000
5300.000000,5471.491924,5300.000000
5300.000000,5471.466557,5300.000000
5300.000000,5471.441955,5300.000000
5300.000000,5471.418081,5300.000000
5300.000000,5471.394902,5300.000000
5300.000000,5471.372384,5300.000000
5300.000000,5471.350496,5300.000000
5300.000000,5471.329207,5300.000000
5300.000000,5471.308486,5300.000000
5300.000000,5471.288306,5300.000000
5300.000000,5471.268639,5300.000000
5300.000000,5471.249457,5300.000000
5300.000000,5471.230736,5300.000000
5300.000000,5471.212449,5300.000000
5300.000000,5471.194574,5300.000000
5300.000000,5471.177087,5300.000000
5300.000000,5471.159966,5300.000000
5300.000000,5471.143188,5300.000000
5300.000000,5471.126735,5300.000000
5300.000000,5471.110584,5300.000000
5300.000000,5471.094718,5300.000000
5300.000000,5471.079117,5300.000000
5300.000000,5471.063764,5300.000000
5300.000000,5471.048641,5300.000000
5300.000000,5471.033731,5300.000000
5300.000000,5471.019019,5300.000000
5300.000000,5471.004490,5300.000000
5300.000000,5470.990128,5300.000000
5300.000000,5470.975918,5300.000000
5300.000000,5470.961848,5300.000000
5300.000000,5470.947903,5300.000000
5300.000000,5470.934072,5300.000000
5300.000000,5470.920342,5300.000000
5300.000000,5470.906700,5300.000000
5300.000000,5470.893136,5300.000000
5300.000000,5470.879638,5300.000000
5300.000000,5470.866197,5300.000000
5300.000000,5470.852802,5300.000000
5300.000000,5470.839442,5300.000000
5300.000000,5470.826110,5300.000000
5300.000000,5470.812796,5300.000000
5300.000000,5470.799491,5300.000000
5300.000000,5470.786187,5300.000000
5300.000000,5470.772876,5300.000000
5300.000000,5470.759551,5300.000000
5300.000000,5470.746204,5300.000000
5300.000000,5470.732828,5300.000000
5300.000000,5470.719416,5300.000000
5300.000000,5470.705963,5300.000000
5300.000000,5470.692462,5300.000000
5300.000000,5470.678907,5300.000000
5300.000000,5470.665292,5300.000000
5300.000000,5470.651612,5300.000000
5300.000000,5470.637862,5300.000000
5300.000000,5470.624037,5300.000000
5300.000000,5470.610133,5300.000000
5300.000000,5470.596144,5300.000000
5300.000000,5470.582067,5300.000000
5300.000000,5470.567898,5300.000000
5300.000000,5470.553632,5300.000000
5300.000000,5470.539266,5300.000000
5300.000000,5470.524797,5300.000000
5300.000000,5470.510220,5300.000000
5300.000000,5470.495534,5300.000000
5300.000000,5470.480735,5300.000000
5300.000000,5470.465820,5300.000000
5300.000000,5470.450786,5300.000000
5300.000000,5470.435632,5300.000000
5300.000000,5470.420354,5300.000000
5300.000000,5470.404950,5300.000000
5300.000000,5470.389419,5300.000000
5300.000000,5470.373758,5300.000000
5300.000000,5470.357965,5300.000000
5300.000000,5470.342038,5300.000000
5300.000000,5470.325977,5300.000000
5300.000000,5470.309779,5300.000000
5300.000000,5470.293444,5300.000000
5300.000000,5470.276969,5300.000000
5300.000000,5470.260353,5300.000000
5300.000000,5470.243597,5300.000000
0.000000,0.000000,0.000000
